Nama,Harga,Link Gambar
Apple iPhone 12 Pro Max,Rp25.999.000,https://www.hallogsm.com/wp-content/uploads/2020/11/Harga-Apple-iPhone-12-Pro-di-Indonesia-300x300.jpg
Apple iPhone 12 Pro,Rp18.599.000,https://www.hallogsm.com/wp-content/uploads/2020/11/Apple-iPhone-12-Pro-300x300.jpg
Apple iPhone 12,Rp13.799.000,https://www.hallogsm.com/wp-content/uploads/2020/11/Spek-Apple-iPhone-12-mini-300x300.jpg
Apple iPhone 12 mini,Rp11.999.000,https://www.hallogsm.com/wp-content/uploads/2020/11/Harga-Apple-iPhone-12-mini-300x300.jpg
Apple iPad Air (2020),Rp11.299.000,https://www.hallogsm.com/wp-content/uploads/2020/11/Apple-iPad-Air-2020-300x300.jpg
Apple iPad Air 4,Rp11.099.000,https://www.hallogsm.com/wp-content/uploads/2020/11/Apple-iPad-Air-2020-300x300.jpg
Apple iPad 10.2 (2020),Rp6.499.000,https://www.hallogsm.com/wp-content/uploads/2020/11/Apple-iPad-10.2-2020-300x300.jpg
Apple iPad 8,Rp6.499.000,https://www.hallogsm.com/wp-content/uploads/2020/11/Apple-iPad-10.2-2020-300x300.jpg
Apple iPhone SE (2020),Rp9.999.999,https://www.hallogsm.com/wp-content/uploads/2020/04/Apple-iPhone-SE-2020-300x300.jpg
Apple iPad Pro 11 (2020),Rp13.999.000,https://www.hallogsm.com/wp-content/uploads/2020/06/Apple-iPad-Pro-11-2020-300x300.jpg
Apple iPad Pro 12.9 (2020),Rp17.399.000,https://www.hallogsm.com/wp-content/uploads/2020/06/Apple-iPad-Pro-12.9-2020-300x300.jpg
Apple iPhone 11 Pro Max,Rp24.999.000,https://www.hallogsm.com/wp-content/uploads/2019/09/Harga-Apple-iPhone-11-Pro-Max-di-Indonesia-300x300.jpg
Apple iPhone 11 Pro,Rp18.999.000,https://www.hallogsm.com/wp-content/uploads/2019/09/Harag-Apple-iPhone-11-Pro-300x300.jpg
Apple iPhone 11,Rp14.999.000,https://www.hallogsm.com/wp-content/uploads/2019/09/Harga-iPhone-11-300x300.jpg
Apple iPhone XS Max,Rp18.055.000,https://www.hallogsm.com/wp-content/uploads/2018/09/Apple-iPhone-XS-Max-300x300.jpg
Apple iPhone XS,Rp17.599.000,https://www.hallogsm.com/wp-content/uploads/2018/09/Apple-iPhone-XS-300x300.jpg
Apple iPhone XR,Rp15.699.000,https://www.hallogsm.com/wp-content/uploads/2018/09/Harga-bekas-iPhone-XR-300x300.jpg
Apple iPhone X,Rp10.699.000,https://www.hallogsm.com/wp-content/uploads/2018/03/Apple-iPhone-X-300x300.jpg
Apple iPhone 8 Plus,Rp7.999.000,https://www.hallogsm.com/wp-content/uploads/2018/03/Apple-iPhone-8-Plus-300x300.jpg
Apple iPhone 8,Rp6.899.000,https://www.hallogsm.com/wp-content/uploads/2018/03/Apple-iPhone-8-300x300.jpg
